{"accuracy_score": 0.8, "f1_score": 0.7272727272727272, "r2_score": 0.15393654524089329, "rmse": 0.4472135954999579, "mae": 0.2}