{"accuracy_score": 0.8333333333333334, "f1_score": 0.7727272727272727, "r2_score": 0.2949471210340777, "rmse": 0.408248290463863, "mae": 0.16666666666666666}