{"accuracy_score": 0.8166666666666667, "f1_score": 0.7659574468085107, "r2_score": 0.22444183313748556, "rmse": 0.4281744192888376, "mae": 0.18333333333333332}